size, time (in sec) 
32768,0.0186095
65536,0.0339391
131072,0.0712865
262144,0.150091
