size, time (in sec) 
32768,0.00768764
65536,0.0160676
131072,0.0340486
262144,0.0750387
