size, time (in sec) 
32768,0.00656095
65536,0.0135722
131072,0.0291782
262144,0.0651077
