size, time (in sec) 
131072,0.0518118
262144,0.0982257
524288,0.203925
1048576,0.429443
