size, time (in sec) 
131072,0.0497315
262144,0.0843944
524288,0.173543
1048576,0.365795
