size, time (in sec) 
131072,0.0163172
262144,0.0335192
524288,0.0742486
1048576,0.159058
