size, time (in sec) 
131072,0.574587
262144,1.17641
524288,2.44457
1048576,5.00816
