size, time (in sec) 
131072,0.69
262144,1.44178
524288,2.99873
1048576,5.38944
