size, time (in sec) 
131072,0.272536
262144,0.584786
524288,1.31286
1048576,2.73932
