size, time (in sec) 
131072,0.0458559
262144,0.0827054
524288,0.171464
1048576,0.355652
