size, time (in sec) 
131072,0.0128671
262144,0.0274389
524288,0.059783
1048576,0.138854
