size, time (in sec) 
32768,0.0942009
65536,0.200941
131072,0.480031
262144,1.06252
