size, time (in sec) 
32768,0.70426
65536,1.44953
131072,3.02397
262144,6.31015
