size, time (in sec) 
32768,0.115845
65536,0.247084
131072,0.566459
262144,1.24118
