size, time (in sec) 
32768,1.74772
65536,3.61592
131072,7.40348
262144,15.4595
