size, time (in sec) 
131072,0.0117429
262144,0.0248644
524288,0.0589824
1048576,0.140271
