size, time (in sec) 
131072,0.0478841
262144,0.0853494
524288,0.191881
1048576,0.369442
