size, time (in sec) 
131072,0.0445191
262144,0.0875278
524288,0.182389
1048576,0.375666
