size, time (in sec) 
131072,0.579306
262144,1.20988
524288,2.61661
1048576,5.62804
