size, time (in sec) 
131072,0.0479474
262144,0.0968793
524288,0.202054
1048576,0.420895
