size, time (in sec) 
131072,0.0417513
262144,0.0778928
524288,0.159299
1048576,0.349625
