size, time (in sec) 
32768,0.00700897
65536,0.0135642
131072,0.0267745
262144,0.0602602
