size, time (in sec) 
32768,0.122079
65536,0.263415
131072,0.551573
262144,1.14707
