size, time (in sec) 
32768,0.0482297
65536,0.10826
131072,0.227044
262144,0.477402
