size, time (in sec) 
32768,0.120321
65536,0.269573
131072,0.557782
262144,1.16705
