size, time (in sec) 
32768,0.00775981
65536,0.0162336
131072,0.034549
262144,0.0760277
