size, time (in sec) 
32768,0.269772
65536,0.565768
131072,1.17229
262144,2.45418
