size, time (in sec) 
32768,0.00741162
65536,0.0135831
131072,0.0292382
262144,0.0651894
