size, time (in sec) 
32768,0.118943
65536,0.256009
131072,0.53266
262144,1.11605
