size, time (in sec) 
131072,0.0118004
262144,0.025001
524288,0.0605869
1048576,0.131443
