size, time (in sec) 
131072,0.0344081
262144,0.0702926
524288,0.145981
1048576,0.323336
