size, time (in sec) 
131072,0.478888
262144,1.00496
524288,2.18724
1048576,4.81861
