size, time (in sec) 
131072,0.0126821
262144,0.0274393
524288,0.0596944
1048576,0.136885
