size, time (in sec) 
131072,0.0289673
262144,0.0608
524288,0.129879
1048576,0.273716
