size, time (in sec) 
131072,0.0537372
262144,0.0932307
524288,0.193074
1048576,0.415934
