size, time (in sec) 
131072,0.0381675
262144,0.073378
524288,0.155944
1048576,0.326566
