size, time (in sec) 
131072,0.0352826
262144,0.0741554
524288,0.156523
1048576,0.329822
