size, time (in sec) 
131072,0.0162427
262144,0.0346153
524288,0.0741297
1048576,0.159806
