size, time (in sec) 
131072,0.0482204
262144,0.0958812
524288,0.197585
1048576,0.413789
