size, time (in sec) 
131072,0.639952
262144,1.30275
524288,2.74057
1048576,5.61726
