size, time (in sec) 
131072,0.0435894
262144,0.0864007
524288,0.177215
1048576,0.363919
