size, time (in sec) 
32768,0.109758
65536,0.224338
131072,0.486526
262144,1.01737
