size, time (in sec) 
32768,0.00588854
65536,0.0124039
131072,0.0267268
262144,0.0600075
