size, time (in sec) 
32768,0.0515332
65536,0.105865
131072,0.227427
262144,0.468981
