size, time (in sec) 
131072,0.137954
262144,0.285725
524288,0.600445
1048576,1.24587
