size, time (in sec) 
131072,0.135711
262144,0.283198
524288,0.593578
1048576,1.23405
