size, time (in sec) 
32768,0.267371
65536,0.557774
131072,1.15407
262144,2.44417
