size, time (in sec) 
32768,0.509986
65536,1.05435
131072,2.58289
262144,6.6842
