size, time (in sec) 
131072,0.0537742
262144,0.094417
524288,0.195863
1048576,0.409134
