size, time (in sec) 
32768,1.68107
65536,3.48018
131072,7.11115
262144,14.639
