size, time (in sec) 
32768,0.0892031
65536,0.177436
131072,0.352625
262144,0.7002
