size, time (in sec) 
131072,0.0461051
262144,0.0921044
524288,0.191398
1048576,0.403633
