size, time (in sec) 
131072,0.271902
262144,0.58141
524288,1.30831
1048576,2.74405
