size, time (in sec) 
131072,0.538008
262144,1.13869
524288,2.41004
1048576,4.89821
