size, time (in sec) 
131072,0.039384
262144,0.0791663
524288,0.166714
1048576,0.388571
