size, time (in sec) 
131072,0.0438495
262144,0.0865869
524288,0.180353
1048576,0.379467
