size, time (in sec) 
32768,0.0530067
65536,0.103534
131072,0.22205
262144,0.45505
