size, time (in sec) 
32768,0.0534287
65536,0.107742
131072,0.228976
262144,0.483403
