size, time (in sec) 
32768,0.116137
65536,0.268147
131072,0.561072
262144,1.16836
