size, time (in sec) 
32768,0.0189838
65536,0.0389816
131072,0.0826178
262144,0.174052
