size, time (in sec) 
32768,0.0165549
65536,0.0345514
131072,0.0719626
262144,0.152981
