size, time (in sec) 
32768,0.109797
65536,0.25759
131072,0.533805
262144,1.06521
