size, time (in sec) 
131072,0.135304
262144,0.283878
524288,0.597115
1048576,1.2472
