size, time (in sec) 
32768,0.24166
65536,0.500951
131072,1.04015
262144,2.20719
