size, time (in sec) 
32768,0.0973221
65536,0.213347
131072,0.496642
262144,1.08577
