size, time (in sec) 
32768,0.696314
65536,1.46517
131072,3.05554
262144,6.38101
