size, time (in sec) 
32768,0.495495
65536,1.43607
131072,3.0632
262144,6.40633
