size, time (in sec) 
32768,0.0393919
65536,0.072922
131072,0.154712
262144,0.347173
