size, time (in sec) 
32768,0.743655
65536,1.52963
131072,3.2349
262144,6.74681
