size, time (in sec) 
32768,0.115752
65536,0.252011
131072,0.561758
262144,1.22917
