size, time (in sec) 
32768,1.78315
65536,3.70909
131072,7.60582
262144,15.4616
