size, time (in sec) 
32768,0.745674
65536,1.55994
131072,3.24826
262144,6.78572
