size, time (in sec) 
32768,0.124059
65536,0.263843
131072,0.551968
262144,1.14658
