size, time (in sec) 
131072,0.125117
262144,0.262828
524288,0.554378
1048576,1.15915
