size, time (in sec) 
131072,0.113233
262144,0.238881
524288,0.507533
1048576,1.07349
