size, time (in sec) 
131072,1.46319
262144,3.01677
524288,6.20455
1048576,12.7517
