size, time (in sec) 
131072,1.64456
262144,3.46727
524288,7.3709
1048576,15.3577
