size, time (in sec) 
131072,1.87265
262144,3.90512
524288,8.11827
1048576,16.8462
