size, time (in sec) 
131072,1.87886
262144,3.92677
524288,8.22117
1048576,17.1224
