size, time (in sec) 
131072,0.133926
262144,0.281685
524288,0.587941
1048576,1.23184
