size, time (in sec) 
32768,0.232381
65536,0.488312
131072,1.00572
262144,2.13611
