size, time (in sec) 
32768,0.233745
65536,0.479724
131072,1.00098
262144,2.11863
