size, time (in sec) 
32768,0.097166
65536,0.213206
131072,0.488768
262144,1.08006
