size, time (in sec) 
32768,1.68303
65536,3.43106
131072,7.15508
262144,14.5514
