size, time (in sec) 
32768,0.016548
65536,0.0339918
131072,0.0714253
262144,0.150932
