size, time (in sec) 
32768,0.0187127
65536,0.038813
131072,0.0815202
262144,0.172487
