size, time (in sec) 
32768,0.115469
65536,0.251446
131072,0.560959
262144,1.2339
