size, time (in sec) 
32768,1.78785
65536,3.69309
131072,7.57329
262144,15.6234
