size, time (in sec) 
32768,0.265287
65536,0.551372
131072,1.15561
262144,2.45074
