size, time (in sec) 
32768,0.0195164
65536,0.0365078
131072,0.0774365
262144,0.165697
