size, time (in sec) 
32768,0.0526436
65536,0.102767
131072,0.220092
262144,0.464926
