size, time (in sec) 
131072,0.107858
262144,0.21963
524288,0.430562
1048576,0.890508
