size, time (in sec) 
131072,0.131608
262144,0.276774
524288,0.575353
1048576,1.20978
