size, time (in sec) 
131072,0.106388
262144,0.225238
524288,0.482587
1048576,1.04107
