size, time (in sec) 
131072,0.109492
262144,0.224046
524288,0.482763
1048576,0.963234
