size, time (in sec) 
131072,0.11177
262144,0.220889
524288,0.453939
1048576,0.941292
