size, time (in sec) 
131072,0.110405
262144,0.233117
524288,0.499063
1048576,1.05582
